device	order	source	caption	feature
iphone	01	iphone/00-widget-source.png	Pin a note on your\nHome Screen	Home Screen widget
iphone	02	iphone/M1-library.png	All your notes in\none place	note library
iphone	03	iphone/M2-note-open.png	Save commands\nin plain text	note editor
iphone	04	iphone/M3-checklist.png	Plan a release\nwith checklists	checklist notes
iphone	05	iphone/M4-font-menu.png	Choose a font\nfor each note	font styles
iphone	06	iphone/M8-size-menu.png	Set a comfortable\nreading size	text size
iphone	07	iphone/M5-search.png	Find notes\nas you type	search
iphone	08	iphone/M9-concurrency.png	Color-code notes\nby topic	palette
iphone	09	iphone/M12-http.png	Save references\nyou use often	reference notes
iphone	10	iphone/M7-trash-detail.png	Restore notes\nfrom Trash	Trash recovery
mac	01	mac/01-library.png	Notes for every\npart of your work	note library
mac	02	mac/02-quick-capture.png	Capture a note\nfrom the menu bar	menu bar quick capture
mac	03	mac/03-checklist.png	Check each step\nbefore you ship	checklist notes
mac	04	mac/04-swift.png	Save Swift notes\nfor later	reference notes
mac	05	mac/05-docker.png	Docker commands\nin one place	command notes
mac	06	mac/07-zsh.png	Use color to sort\nyour notes	palette
mac	07	mac/08-xcode.png	Xcode shortcuts\nat a glance	shortcut notes
mac	08	mac/09-http.png	Monospaced text\nfor technical notes	font styles
mac	09	mac-raw-search.png	Search notes\nas you type	search
mac	10	mac/10-trash.png	Bring notes back\nfrom Trash	Trash recovery
